{
    "CA_CB_dict": [
        1.52800901494115,
        1.5299939860162228,
        1.5428888049244962,
        1.5303858990463801,
        1.5284596255806382,
        1.5449785931440214,
        1.530100675811847,
        1.5387943032788376,
        1.529180988946289,
        1.530970220641329,
        1.52958187087099,
        1.5310755933073947,
        1.5300639189037502,
        1.529967966818651,
        1.5317474156662505,
        1.530736050649997,
        1.5296896067498136,
        1.5229949487424301,
        1.5308986336456953,
        1.5296291663068973
    ],
    "N_C_CA_dict": [
        110.88460445837858,
        111.67683110339297,
        109.99559283081845,
        113.06730411917485,
        111.5157482988281,
        109.87017453195196,
        111.26823482721807,
        110.77787936836408,
        111.3503603963423,
        111.19550218007588,
        111.17575906728776,
        110.88835097701711,
        111.35024630740978,
        110.98674518103536,
        112.50920234985892,
        111.31445228654302,
        111.14182522087084,
        111.05193497559955,
        111.11153361168688,
        110.97239180333239
    ],
    "N_C_CA_CB_dict": [
        122.37379034495062,
        123.134767141362,
        123.1912442797589,
        88.41537334706707,
        122.94892380339445,
        123.25445026170384,
        122.55622315221335,
        123.06946254109447,
        122.68318722888809,
        122.85752364022743,
        122.73036375367431,
        122.23390854062134,
        122.76205697436622,
        122.44366433468542,
        114.88783761918542,
        122.87676956591064,
        122.62234452518541,
        122.57147601627096,
        122.801565041441,
        122.67614034948413
    ],
    "ideal_bond_lengths": [
        [
            1.4972499791078393,
            1.367224378066416,
            NaN,
            NaN
        ],
        [
            1.516843762488112,
            1.2316202742499787,
            NaN,
            NaN
        ],
        [
            1.5320463439465521,
            1.5182447101834402,
            NaN,
            NaN
        ],
        [
            NaN,
            NaN,
            NaN,
            NaN
        ],
        [
            1.496157745693951,
            1.3782405449876438,
            NaN,
            NaN
        ],
        [
            1.5254782856533866,
            NaN,
            NaN,
            NaN
        ],
        [
            1.5212282859444644,
            1.802964222707249,
            1.7904041443008918,
            NaN
        ],
        [
            1.432547206895428,
            NaN,
            NaN,
            NaN
        ],
        [
            1.4164270189450208,
            NaN,
            NaN,
            NaN
        ],
        [
            1.5106659127275783,
            1.393496681015065,
            NaN,
            NaN
        ],
        [
            1.5225261902509244,
            1.5186770558614548,
            1.2325895504992754,
            NaN
        ],
        [
            1.5015465360375804,
            1.3892793084790047,
            NaN,
            NaN
        ],
        [
            1.5221924976822099,
            1.5201394672858164,
            1.2509484401719715,
            NaN
        ],
        [
            1.5229329999999992,
            1.5232831319224043,
            1.5231813742446005,
            1.4904001140612129
        ],
        [
            1.4921977070184491,
            1.5022982385794066,
            NaN,
            NaN
        ],
        [
            1.8068619205683647,
            NaN,
            NaN,
            NaN
        ],
        [
            1.5311567522628107,
            1.5216745709619726,
            NaN,
            NaN
        ],
        [
            NaN,
            NaN,
            NaN,
            NaN
        ],
        [
            1.5194907041505683,
            1.2502291789907956,
            NaN,
            NaN
        ],
        [
            1.5212787384302737,
            1.520708387561535,
            1.4609017763012007,
            1.3309598040511965
        ]
    ],
    "ideal_bond_angles": [
        [
            114.4184483194579,
            127.02061549594379,
            NaN,
            NaN
        ],
        [
            112.67320537736268,
            120.9324938215577,
            NaN,
            NaN
        ],
        [
            110.2657080756951,
            114.02322915667533,
            NaN,
            NaN
        ],
        [
            NaN,
            NaN,
            NaN,
            NaN
        ],
        [
            113.64114373541332,
            122.6586520076277,
            NaN,
            NaN
        ],
        [
            110.68168880896653,
            NaN,
            NaN,
            NaN
        ],
        [
            114.10203562156144,
            112.67180599999955,
            100.94263715125385,
            NaN
        ],
        [
            109.3691304992237,
            NaN,
            NaN,
            NaN
        ],
        [
            110.91684387996088,
            NaN,
            NaN,
            NaN
        ],
        [
            113.66159652711846,
            120.88455707765715,
            NaN,
            NaN
        ],
        [
            113.93820589954385,
            112.70585229311365,
            120.94329828638925,
            NaN
        ],
        [
            113.77688010321171,
            120.63629087745633,
            NaN,
            NaN
        ],
        [
            113.96078334345292,
            113.0435511208735,
            118.76148128764504,
            NaN
        ],
        [
            114.28140768715659,
            111.39855283582256,
            111.58207916049341,
            111.96361499999982
        ],
        [
            104.43394978200806,
            105.3432380694509,
            NaN,
            NaN
        ],
        [
            114.10500462076027,
            NaN,
            NaN,
            NaN
        ],
        [
            116.31878096038612,
            110.30575977079985,
            NaN,
            NaN
        ],
        [
            NaN,
            NaN,
            NaN,
            NaN
        ],
        [
            112.85685624254735,
            119.1507352422925,
            NaN,
            NaN
        ],
        [
            113.9381568354413,
            111.54148020967246,
            111.74577030326309,
            124.59999999999962
        ]
    ]
}